"Country or Area","Year","Area","Sex","City","City type","Record Type","Reliability","Source Year","Value","Value Footnotes"
"Colombia","2005","Total","Both Sexes","Apartadó","City proper","Census - de facto - complete tabulation","Final figure, complete","2008","114840",""
"Colombia","2005","Total","Both Sexes","Apartadó","Urban agglomeration","Census - de facto - complete tabulation","Final figure, complete","2008","134572",""
"Colombia","2005","Total","Both Sexes","Armenia (Quindio)","City proper","Census - de facto - complete tabulation","Final figure, complete","2008","265020",""
"Colombia","2005","Total","Both Sexes","Armenia (Quindio)","Urban agglomeration","Census - de facto - complete tabulation","Final figure, complete","2008","272574",""
"Colombia","2005","Total","Both Sexes","Barrancabermeja","City proper","Census - de facto - complete tabulation","Final figure, complete","2008","168307",""
"Colombia","2005","Total","Both Sexes","Barrancabermeja","Urban agglomeration","Census - de facto - complete tabulation","Final figure, complete","2008","187311",""
"Colombia","2005","Total","Both Sexes","Barranquilla","City proper","Census - de facto - complete tabulation","Final figure, complete","2008","1109067",""
"Colombia","2005","Total","Both Sexes","Barranquilla","Urban agglomeration","Census - de facto - complete tabulation","Final figure, complete","2008","1112889",""
"Colombia","2005","Total","Both Sexes","Bello","City proper","Census - de facto - complete tabulation","Final figure, complete","2008","359404",""
"Colombia","2005","Total","Both Sexes","Bello","Urban agglomeration","Census - de facto - complete tabulation","Final figure, complete","2008","373013",""
"Colombia","2005","Total","Both Sexes","Bucaramanga","City proper","Census - de facto - complete tabulation","Final figure, complete","2008","502654",""
"Colombia","2005","Total","Both Sexes","Bucaramanga","Urban agglomeration","Census - de facto - complete tabulation","Final figure, complete","2008","509918",""
"Colombia","2005","Total","Both Sexes","Buenaventura","City proper","Census - de facto - complete tabulation","Final figure, complete","2008","290457",""
"Colombia","2005","Total","Both Sexes","Buenaventura","Urban agglomeration","Census - de facto - complete tabulation","Final figure, complete","2008","324207",""
"Colombia","2005","Total","Both Sexes","Cali","City proper","Census - de facto - complete tabulation","Final figure, complete","2008","2039626",""
"Colombia","2005","Total","Both Sexes","Cali","Urban agglomeration","Census - de facto - complete tabulation","Final figure, complete","2008","2075380",""
"Colombia","2005","Total","Both Sexes","Cartagena","City proper","Census - de facto - complete tabulation","Final figure, complete","2008","845801",""
"Colombia","2005","Total","Both Sexes","Cartagena","Urban agglomeration","Census - de facto - complete tabulation","Final figure, complete","2008","895400",""
"Colombia","2005","Total","Both Sexes","Cartago","City proper","Census - de facto - complete tabulation","Final figure, complete","2008","119063",""
"Colombia","2005","Total","Both Sexes","Cartago","Urban agglomeration","Census - de facto - complete tabulation","Final figure, complete","2008","121741",""
"Colombia","2005","Total","Both Sexes","Ciénaga (Magdalena)","Urban agglomeration","Census - de facto - complete tabulation","Final figure, complete","2008","100908",""
"Colombia","2005","Total","Both Sexes","Cúcuta","City proper","Census - de facto - complete tabulation","Final figure, complete","2008","566244",""
"Colombia","2005","Total","Both Sexes","Cúcuta","Urban agglomeration","Census - de facto - complete tabulation","Final figure, complete","2008","585543",""
"Colombia","2005","Total","Both Sexes","Dosquebradas","City proper","Census - de facto - complete tabulation","Final figure, complete","2008","164437",""
"Colombia","2005","Total","Both Sexes","Dosquebradas","Urban agglomeration","Census - de facto - complete tabulation","Final figure, complete","2008","173452",""
"Colombia","2005","Total","Both Sexes","Duitama","Urban agglomeration","Census - de facto - complete tabulation","Final figure, complete","2008","105407",""
"Colombia","2005","Total","Both Sexes","Envigado","City proper","Census - de facto - complete tabulation","Final figure, complete","2008","166742",""
"Colombia","2005","Total","Both Sexes","Envigado","Urban agglomeration","Census - de facto - complete tabulation","Final figure, complete","2008","175337",""
"Colombia","2005","Total","Both Sexes","Facatativá","Urban agglomeration","Census - de facto - complete tabulation","Final figure, complete","2008","106067",""
"Colombia","2005","Total","Both Sexes","Florencia","City proper","Census - de facto - complete tabulation","Final figure, complete","2008","120403",""
"Colombia","2005","Total","Both Sexes","Florencia","Urban agglomeration","Census - de facto - complete tabulation","Final figure, complete","2008","137896",""
"Colombia","2005","Total","Both Sexes","Floridablanca","City proper","Census - de facto - complete tabulation","Final figure, complete","2008","241685",""
"Colombia","2005","Total","Both Sexes","Floridablanca","Urban agglomeration","Census - de facto - complete tabulation","Final figure, complete","2008","252472",""
"Colombia","2005","Total","Both Sexes","Fusagasugá","Urban agglomeration","Census - de facto - complete tabulation","Final figure, complete","2008","107259",""
"Colombia","2005","Total","Both Sexes","Girón","City proper","Census - de facto - complete tabulation","Final figure, complete","2008","117672",""
"Colombia","2005","Total","Both Sexes","Girón","Urban agglomeration","Census - de facto - complete tabulation","Final figure, complete","2008","135531",""
"Colombia","2005","Total","Both Sexes","Gudalajara de Buga","Urban agglomeration","Census - de facto - complete tabulation","Final figure, complete","2008","111487",""
"Colombia","2005","Total","Both Sexes","Ibagué","City proper","Census - de facto - complete tabulation","Final figure, complete","2008","465859",""
"Colombia","2005","Total","Both Sexes","Ibagué","Urban agglomeration","Census - de facto - complete tabulation","Final figure, complete","2008","495246",""
"Colombia","2005","Total","Both Sexes","Ipiales","Urban agglomeration","Census - de facto - complete tabulation","Final figure, complete","2008","109865",""
"Colombia","2005","Total","Both Sexes","Itagüí","City proper","Census - de facto - complete tabulation","Final figure, complete","2008","213297",""
"Colombia","2005","Total","Both Sexes","Itagüí","Urban agglomeration","Census - de facto - complete tabulation","Final figure, complete","2008","235567",""
"Colombia","2005","Total","Both Sexes","Lorica","Urban agglomeration","Census - de facto - complete tabulation","Final figure, complete","2008","109974",""
"Colombia","2005","Total","Both Sexes","Magangué","Urban agglomeration","Census - de facto - complete tabulation","Final figure, complete","2008","121085",""
"Colombia","2005","Total","Both Sexes","Maicao","Urban agglomeration","Census - de facto - complete tabulation","Final figure, complete","2008","103124",""
"Colombia","2005","Total","Both Sexes","Manizales","City proper","Census - de facto - complete tabulation","Final figure, complete","2008","342620",""
"Colombia","2005","Total","Both Sexes","Manizales","Urban agglomeration","Census - de facto - complete tabulation","Final figure, complete","2008","368433",""
"Colombia","2005","Total","Both Sexes","Medellín","City proper","Census - de facto - complete tabulation","Final figure, complete","2008","2183557",""
"Colombia","2005","Total","Both Sexes","Medellín","Urban agglomeration","Census - de facto - complete tabulation","Final figure, complete","2008","2219861",""
"Colombia","2005","Total","Both Sexes","Montería","City proper","Census - de facto - complete tabulation","Final figure, complete","2008","288192",""
"Colombia","2005","Total","Both Sexes","Montería","Urban agglomeration","Census - de facto - complete tabulation","Final figure, complete","2008","381284",""
"Colombia","2005","Total","Both Sexes","Neiva","City proper","Census - de facto - complete tabulation","Final figure, complete","2008","295412",""
"Colombia","2005","Total","Both Sexes","Neiva","Urban agglomeration","Census - de facto - complete tabulation","Final figure, complete","2008","315332",""
"Colombia","2005","Total","Both Sexes","Palmira","City proper","Census - de facto - complete tabulation","Final figure, complete","2008","223049",""
"Colombia","2005","Total","Both Sexes","Palmira","Urban agglomeration","Census - de facto - complete tabulation","Final figure, complete","2008","278358",""
"Colombia","2005","Total","Both Sexes","Pasto","City proper","Census - de facto - complete tabulation","Final figure, complete","2008","312759",""
"Colombia","2005","Total","Both Sexes","Pasto","Urban agglomeration","Census - de facto - complete tabulation","Final figure, complete","2008","383846",""
"Colombia","2005","Total","Both Sexes","Pereira","City proper","Census - de facto - complete tabulation","Final figure, complete","2008","358681",""
"Colombia","2005","Total","Both Sexes","Pereira","Urban agglomeration","Census - de facto - complete tabulation","Final figure, complete","2008","428397",""
"Colombia","2005","Total","Both Sexes","Piedecuesta","Urban agglomeration","Census - de facto - complete tabulation","Final figure, complete","2008","116914",""
"Colombia","2005","Total","Both Sexes","Pitalito","Urban agglomeration","Census - de facto - complete tabulation","Final figure, complete","2008","102937",""
"Colombia","2005","Total","Both Sexes","Popayán","City proper","Census - de facto - complete tabulation","Final figure, complete","2008","227840",""
"Colombia","2005","Total","Both Sexes","Popayán","Urban agglomeration","Census - de facto - complete tabulation","Final figure, complete","2008","258653",""
"Colombia","2005","Total","Both Sexes","Quibdo","City proper","Census - de facto - complete tabulation","Final figure, complete","2008","100113",""
"Colombia","2005","Total","Both Sexes","Quibdo","Urban agglomeration","Census - de facto - complete tabulation","Final figure, complete","2008","109121",""
"Colombia","2005","Total","Both Sexes","Riohacha","City proper","Census - de facto - complete tabulation","Final figure, complete","2008","137224",""
"Colombia","2005","Total","Both Sexes","Riohacha","Urban agglomeration","Census - de facto - complete tabulation","Final figure, complete","2008","169311",""
"Colombia","2005","Total","Both Sexes","Rionegro (Antioquia)","Urban agglomeration","Census - de facto - complete tabulation","Final figure, complete","2009","101046",""
"Colombia","2005","Total","Both Sexes","San Andrés de Tumaco","Urban agglomeration","Census - de facto - complete tabulation","Final figure, complete","2008","161490",""
"Colombia","2005","Total","Both Sexes","BOGOTÁ, D.C.","City proper","Census - de facto - complete tabulation","Final figure, complete","2008","6763325",""
"Colombia","2005","Total","Both Sexes","BOGOTÁ, D.C.","Urban agglomeration","Census - de facto - complete tabulation","Final figure, complete","2008","6778691",""
"Colombia","2005","Total","Both Sexes","Santa Marta","City proper","Census - de facto - complete tabulation","Final figure, complete","2008","383991",""
"Colombia","2005","Total","Both Sexes","Santa Marta","Urban agglomeration","Census - de facto - complete tabulation","Final figure, complete","2008","414387",""
"Colombia","2005","Total","Both Sexes","Sincelejo","City proper","Census - de facto - complete tabulation","Final figure, complete","2008","218430",""
"Colombia","2005","Total","Both Sexes","Sincelejo","Urban agglomeration","Census - de facto - complete tabulation","Final figure, complete","2008","236780",""
"Colombia","2005","Total","Both Sexes","Soacha","City proper","Census - de facto - complete tabulation","Final figure, complete","2008","393006",""
"Colombia","2005","Total","Both Sexes","Soacha","Urban agglomeration","Census - de facto - complete tabulation","Final figure, complete","2008","398295",""
"Colombia","2005","Total","Both Sexes","Sogamoso","Urban agglomeration","Census - de facto - complete tabulation","Final figure, complete","2008","114486",""
"Colombia","2005","Total","Both Sexes","Soledad","City proper","Census - de facto - complete tabulation","Final figure, complete","2008","455029",""
"Colombia","2005","Total","Both Sexes","Soledad","Urban agglomeration","Census - de facto - complete tabulation","Final figure, complete","2008","455796",""
"Colombia","2005","Total","Both Sexes","Tuluá","City proper","Census - de facto - complete tabulation","Final figure, complete","2008","157512",""
"Colombia","2005","Total","Both Sexes","Tuluá","Urban agglomeration","Census - de facto - complete tabulation","Final figure, complete","2008","157512",""
"Colombia","2005","Total","Both Sexes","Tunja","City proper","Census - de facto - complete tabulation","Final figure, complete","2008","145138",""
"Colombia","2005","Total","Both Sexes","Tunja","Urban agglomeration","Census - de facto - complete tabulation","Final figure, complete","2008","152419",""
"Colombia","2005","Total","Both Sexes","Turbo","Urban agglomeration","Census - de facto - complete tabulation","Final figure, complete","2008","122780",""
"Colombia","2005","Total","Both Sexes","Uribia","Urban agglomeration","Census - de facto - complete tabulation","Final figure, complete","2008","116674",""
"Colombia","2005","Total","Both Sexes","Valledupar","City proper","Census - de facto - complete tabulation","Final figure, complete","2008","294731",""
"Colombia","2005","Total","Both Sexes","Valledupar","Urban agglomeration","Census - de facto - complete tabulation","Final figure, complete","2008","348990",""
"Colombia","2005","Total","Both Sexes","Villavicencio","City proper","Census - de facto - complete tabulation","Final figure, complete","2008","361058",""
"Colombia","2005","Total","Both Sexes","Villavicencio","Urban agglomeration","Census - de facto - complete tabulation","Final figure, complete","2008","384131",""
"Colombia","2005","Total","Both Sexes","Yopal","Urban agglomeration","Census - de facto - complete tabulation","Final figure, complete","2008","103754",""
"Colombia","2005","Total","Both Sexes","Zipaquirá","Urban agglomeration","Census - de facto - complete tabulation","Final figure, complete","2008","100038",""
"Colombia","2005","Total","Male","Apartadó","City proper","Census - de facto - complete tabulation","Final figure, complete","2008","56024",""
"Colombia","2005","Total","Male","Apartadó","Urban agglomeration","Census - de facto - complete tabulation","Final figure, complete","2008","66220",""
"Colombia","2005","Total","Male","Armenia (Quindio)","City proper","Census - de facto - complete tabulation","Final figure, complete","2008","125368",""
"Colombia","2005","Total","Male","Armenia (Quindio)","Urban agglomeration","Census - de facto - complete tabulation","Final figure, complete","2008","129796",""
"Colombia","2005","Total","Male","Barrancabermeja","City proper","Census - de facto - complete tabulation","Final figure, complete","2008","80960",""
"Colombia","2005","Total","Male","Barrancabermeja","Urban agglomeration","Census - de facto - complete tabulation","Final figure, complete","2008","91458",""
"Colombia","2005","Total","Male","Barranquilla","City proper","Census - de facto - complete tabulation","Final figure, complete","2008","527788",""
"Colombia","2005","Total","Male","Barranquilla","Urban agglomeration","Census - de facto - complete tabulation","Final figure, complete","2008","529730",""
"Colombia","2005","Total","Male","Bello","City proper","Census - de facto - complete tabulation","Final figure, complete","2008","171475",""
"Colombia","2005","Total","Male","Bello","Urban agglomeration","Census - de facto - complete tabulation","Final figure, complete","2008","178209",""
"Colombia","2005","Total","Male","Bucaramanga","City proper","Census - de facto - complete tabulation","Final figure, complete","2008","237995",""
"Colombia","2005","Total","Male","Bucaramanga","Urban agglomeration","Census - de facto - complete tabulation","Final figure, complete","2008","241828",""
"Colombia","2005","Total","Male","Buenaventura","City proper","Census - de facto - complete tabulation","Final figure, complete","2008","138916",""
"Colombia","2005","Total","Male","Buenaventura","Urban agglomeration","Census - de facto - complete tabulation","Final figure, complete","2008","156235",""
"Colombia","2005","Total","Male","Cali","City proper","Census - de facto - complete tabulation","Final figure, complete","2008","961463",""
"Colombia","2005","Total","Male","Cali","Urban agglomeration","Census - de facto - complete tabulation","Final figure, complete","2008","979530",""
"Colombia","2005","Total","Male","Cartagena","City proper","Census - de facto - complete tabulation","Final figure, complete","2008","404242",""
"Colombia","2005","Total","Male","Cartagena","Urban agglomeration","Census - de facto - complete tabulation","Final figure, complete","2008","429238",""
"Colombia","2005","Total","Male","Cartago","City proper","Census - de facto - complete tabulation","Final figure, complete","2008","56045",""
"Colombia","2005","Total","Male","Cartago","Urban agglomeration","Census - de facto - complete tabulation","Final figure, complete","2008","57532",""
"Colombia","2005","Total","Male","Ciénaga (Magdalena)","Urban agglomeration","Census - de facto - complete tabulation","Final figure, complete","2008","49983",""
"Colombia","2005","Total","Male","Cúcuta","City proper","Census - de facto - complete tabulation","Final figure, complete","2008","272542",""
"Colombia","2005","Total","Male","Cúcuta","Urban agglomeration","Census - de facto - complete tabulation","Final figure, complete","2008","282918",""
"Colombia","2005","Total","Male","Dosquebradas","City proper","Census - de facto - complete tabulation","Final figure, complete","2008","77653",""
"Colombia","2005","Total","Male","Dosquebradas","Urban agglomeration","Census - de facto - complete tabulation","Final figure, complete","2008","82336",""
"Colombia","2005","Total","Male","Duitama","Urban agglomeration","Census - de facto - complete tabulation","Final figure, complete","2008","50334",""
"Colombia","2005","Total","Male","Envigado","City proper","Census - de facto - complete tabulation","Final figure, complete","2008","76090",""
"Colombia","2005","Total","Male","Envigado","Urban agglomeration","Census - de facto - complete tabulation","Final figure, complete","2008","80417",""
"Colombia","2005","Total","Male","Facatativá","Urban agglomeration","Census - de facto - complete tabulation","Final figure, complete","2008","52172",""
"Colombia","2005","Total","Male","Florencia","City proper","Census - de facto - complete tabulation","Final figure, complete","2008","57772",""
"Colombia","2005","Total","Male","Florencia","Urban agglomeration","Census - de facto - complete tabulation","Final figure, complete","2008","68588",""
"Colombia","2005","Total","Male","Floridablanca","City proper","Census - de facto - complete tabulation","Final figure, complete","2008","112662",""
"Colombia","2005","Total","Male","Floridablanca","Urban agglomeration","Census - de facto - complete tabulation","Final figure, complete","2008","118161",""
"Colombia","2005","Total","Male","Fusagasugá","Urban agglomeration","Census - de facto - complete tabulation","Final figure, complete","2008","52567",""
"Colombia","2005","Total","Male","Girón","City proper","Census - de facto - complete tabulation","Final figure, complete","2008","56146",""
"Colombia","2005","Total","Male","Girón","Urban agglomeration","Census - de facto - complete tabulation","Final figure, complete","2008","66614",""
"Colombia","2005","Total","Male","Gudalajara de Buga","Urban agglomeration","Census - de facto - complete tabulation","Final figure, complete","2008","53852",""
"Colombia","2005","Total","Male","Ibagué","City proper","Census - de facto - complete tabulation","Final figure, complete","2008","219375",""
"Colombia","2005","Total","Male","Ibagué","Urban agglomeration","Census - de facto - complete tabulation","Final figure, complete","2008","235040",""
"Colombia","2005","Total","Male","Ipiales","Urban agglomeration","Census - de facto - complete tabulation","Final figure, complete","2008","53057",""
"Colombia","2005","Total","Male","Itagüí","City proper","Census - de facto - complete tabulation","Final figure, complete","2008","100799",""
"Colombia","2005","Total","Male","Itagüí","Urban agglomeration","Census - de facto - complete tabulation","Final figure, complete","2008","111704",""
"Colombia","2005","Total","Male","Lorica","Urban agglomeration","Census - de facto - complete tabulation","Final figure, complete","2008","55457",""
"Colombia","2005","Total","Male","Magangué","Urban agglomeration","Census - de facto - complete tabulation","Final figure, complete","2008","61212",""
"Colombia","2005","Total","Male","Maicao","Urban agglomeration","Census - de facto - complete tabulation","Final figure, complete","2008","50674",""
"Colombia","2005","Total","Male","Manizales","City proper","Census - de facto - complete tabulation","Final figure, complete","2008","161344",""
"Colombia","2005","Total","Male","Manizales","Urban agglomeration","Census - de facto - complete tabulation","Final figure, complete","2008","174970",""
"Colombia","2005","Total","Male","Medellín","City proper","Census - de facto - complete tabulation","Final figure, complete","2008","1019340",""
"Colombia","2005","Total","Male","Medellín","Urban agglomeration","Census - de facto - complete tabulation","Final figure, complete","2008","1037459",""
"Colombia","2005","Total","Male","Montería","City proper","Census - de facto - complete tabulation","Final figure, complete","2008","136152",""
"Colombia","2005","Total","Male","Montería","Urban agglomeration","Census - de facto - complete tabulation","Final figure, complete","2008","185171",""
"Colombia","2005","Total","Male","Neiva","City proper","Census - de facto - complete tabulation","Final figure, complete","2008","140016",""
"Colombia","2005","Total","Male","Neiva","Urban agglomeration","Census - de facto - complete tabulation","Final figure, complete","2008","150374",""
"Colombia","2005","Total","Male","Palmira","City proper","Census - de facto - complete tabulation","Final figure, complete","2008","105851",""
"Colombia","2005","Total","Male","Palmira","Urban agglomeration","Census - de facto - complete tabulation","Final figure, complete","2008","133776",""
"Colombia","2005","Total","Male","Pasto","City proper","Census - de facto - complete tabulation","Final figure, complete","2008","146724",""
"Colombia","2005","Total","Male","Pasto","Urban agglomeration","Census - de facto - complete tabulation","Final figure, complete","2008","181434",""
"Colombia","2005","Total","Male","Pereira","City proper","Census - de facto - complete tabulation","Final figure, complete","2008","169027",""
"Colombia","2005","Total","Male","Pereira","Urban agglomeration","Census - de facto - complete tabulation","Final figure, complete","2008","204977",""
"Colombia","2005","Total","Male","Piedecuesta","Urban agglomeration","Census - de facto - complete tabulation","Final figure, complete","2008","56719",""
"Colombia","2005","Total","Male","Pitalito","Urban agglomeration","Census - de facto - complete tabulation","Final figure, complete","2008","50942",""
"Colombia","2005","Total","Male","Popayán","City proper","Census - de facto - complete tabulation","Final figure, complete","2008","106835",""
"Colombia","2005","Total","Male","Popayán","Urban agglomeration","Census - de facto - complete tabulation","Final figure, complete","2008","122608",""
"Colombia","2005","Total","Male","Quibdo","City proper","Census - de facto - complete tabulation","Final figure, complete","2008","45804",""
"Colombia","2005","Total","Male","Quibdo","Urban agglomeration","Census - de facto - complete tabulation","Final figure, complete","2008","50520",""
"Colombia","2005","Total","Male","Riohacha","City proper","Census - de facto - complete tabulation","Final figure, complete","2008","66444",""
"Colombia","2005","Total","Male","Riohacha","Urban agglomeration","Census - de facto - complete tabulation","Final figure, complete","2008","82651",""
"Colombia","2005","Total","Male","Rionegro (Antioquia)","Urban agglomeration","Census - de facto - complete tabulation","Final figure, complete","2009","50135",""
"Colombia","2005","Total","Male","San Andrés de Tumaco","Urban agglomeration","Census - de facto - complete tabulation","Final figure, complete","2008","80815",""
"Colombia","2005","Total","Male","BOGOTÁ, D.C.","City proper","Census - de facto - complete tabulation","Final figure, complete","2008","3232423",""
"Colombia","2005","Total","Male","BOGOTÁ, D.C.","Urban agglomeration","Census - de facto - complete tabulation","Final figure, complete","2008","3240469",""
"Colombia","2005","Total","Male","Santa Marta","City proper","Census - de facto - complete tabulation","Final figure, complete","2008","183818",""
"Colombia","2005","Total","Male","Santa Marta","Urban agglomeration","Census - de facto - complete tabulation","Final figure, complete","2008","199761",""
"Colombia","2005","Total","Male","Sincelejo","City proper","Census - de facto - complete tabulation","Final figure, complete","2008","105083",""
"Colombia","2005","Total","Male","Sincelejo","Urban agglomeration","Census - de facto - complete tabulation","Final figure, complete","2008","114645",""
"Colombia","2005","Total","Male","Soacha","City proper","Census - de facto - complete tabulation","Final figure, complete","2008","191405",""
"Colombia","2005","Total","Male","Soacha","Urban agglomeration","Census - de facto - complete tabulation","Final figure, complete","2008","194170",""
"Colombia","2005","Total","Male","Sogamoso","Urban agglomeration","Census - de facto - complete tabulation","Final figure, complete","2008","54515",""
"Colombia","2005","Total","Male","Soledad","City proper","Census - de facto - complete tabulation","Final figure, complete","2008","221571",""
"Colombia","2005","Total","Male","Soledad","Urban agglomeration","Census - de facto - complete tabulation","Final figure, complete","2008","221974",""
"Colombia","2005","Total","Male","Tuluá","City proper","Census - de facto - complete tabulation","Final figure, complete","2008","74220",""
"Colombia","2005","Total","Male","Tuluá","Urban agglomeration","Census - de facto - complete tabulation","Final figure, complete","2008","74220",""
"Colombia","2005","Total","Male","Tunja","City proper","Census - de facto - complete tabulation","Final figure, complete","2008","68032",""
"Colombia","2005","Total","Male","Tunja","Urban agglomeration","Census - de facto - complete tabulation","Final figure, complete","2008","71773",""
"Colombia","2005","Total","Male","Turbo","Urban agglomeration","Census - de facto - complete tabulation","Final figure, complete","2008","61785",""
"Colombia","2005","Total","Male","Uribia","Urban agglomeration","Census - de facto - complete tabulation","Final figure, complete","2008","57387",""
"Colombia","2005","Total","Male","Valledupar","City proper","Census - de facto - complete tabulation","Final figure, complete","2008","139398",""
"Colombia","2005","Total","Male","Valledupar","Urban agglomeration","Census - de facto - complete tabulation","Final figure, complete","2008","168523",""
"Colombia","2005","Total","Male","Villavicencio","City proper","Census - de facto - complete tabulation","Final figure, complete","2008","175125",""
"Colombia","2005","Total","Male","Villavicencio","Urban agglomeration","Census - de facto - complete tabulation","Final figure, complete","2008","187323",""
"Colombia","2005","Total","Male","Yopal","Urban agglomeration","Census - de facto - complete tabulation","Final figure, complete","2008","52129",""
"Colombia","2005","Total","Male","Zipaquirá","Urban agglomeration","Census - de facto - complete tabulation","Final figure, complete","2008","48626",""
"Colombia","2005","Total","Female","Apartadó","City proper","Census - de facto - complete tabulation","Final figure, complete","2008","58816",""
"Colombia","2005","Total","Female","Apartadó","Urban agglomeration","Census - de facto - complete tabulation","Final figure, complete","2008","68352",""
"Colombia","2005","Total","Female","Armenia (Quindio)","City proper","Census - de facto - complete tabulation","Final figure, complete","2008","139652",""
"Colombia","2005","Total","Female","Armenia (Quindio)","Urban agglomeration","Census - de facto - complete tabulation","Final figure, complete","2008","142778",""
"Colombia","2005","Total","Female","Barrancabermeja","City proper","Census - de facto - complete tabulation","Final figure, complete","2008","87347",""
"Colombia","2005","Total","Female","Barrancabermeja","Urban agglomeration","Census - de facto - complete tabulation","Final figure, complete","2008","95853",""
"Colombia","2005","Total","Female","Barranquilla","City proper","Census - de facto - complete tabulation","Final figure, complete","2008","581279",""
"Colombia","2005","Total","Female","Barranquilla","Urban agglomeration","Census - de facto - complete tabulation","Final figure, complete","2008","583159",""
"Colombia","2005","Total","Female","Bello","City proper","Census - de facto - complete tabulation","Final figure, complete","2008","187929",""
"Colombia","2005","Total","Female","Bello","Urban agglomeration","Census - de facto - complete tabulation","Final figure, complete","2008","194804",""
"Colombia","2005","Total","Female","Bucaramanga","City proper","Census - de facto - complete tabulation","Final figure, complete","2008","264659",""
"Colombia","2005","Total","Female","Bucaramanga","Urban agglomeration","Census - de facto - complete tabulation","Final figure, complete","2008","268090",""
"Colombia","2005","Total","Female","Buenaventura","City proper","Census - de facto - complete tabulation","Final figure, complete","2008","151541",""
"Colombia","2005","Total","Female","Buenaventura","Urban agglomeration","Census - de facto - complete tabulation","Final figure, complete","2008","167972",""
"Colombia","2005","Total","Female","Cali","City proper","Census - de facto - complete tabulation","Final figure, complete","2008","1078163",""
"Colombia","2005","Total","Female","Cali","Urban agglomeration","Census - de facto - complete tabulation","Final figure, complete","2008","1095850",""
"Colombia","2005","Total","Female","Cartagena","City proper","Census - de facto - complete tabulation","Final figure, complete","2008","441559",""
"Colombia","2005","Total","Female","Cartagena","Urban agglomeration","Census - de facto - complete tabulation","Final figure, complete","2008","466162",""
"Colombia","2005","Total","Female","Cartago","City proper","Census - de facto - complete tabulation","Final figure, complete","2008","63018",""
"Colombia","2005","Total","Female","Cartago","Urban agglomeration","Census - de facto - complete tabulation","Final figure, complete","2008","64209",""
"Colombia","2005","Total","Female","Ciénaga (Magdalena)","Urban agglomeration","Census - de facto - complete tabulation","Final figure, complete","2008","50925",""
"Colombia","2005","Total","Female","Cúcuta","City proper","Census - de facto - complete tabulation","Final figure, complete","2008","293702",""
"Colombia","2005","Total","Female","Cúcuta","Urban agglomeration","Census - de facto - complete tabulation","Final figure, complete","2008","302625",""
"Colombia","2005","Total","Female","Dosquebradas","City proper","Census - de facto - complete tabulation","Final figure, complete","2008","86784",""
"Colombia","2005","Total","Female","Dosquebradas","Urban agglomeration","Census - de facto - complete tabulation","Final figure, complete","2008","91116",""
"Colombia","2005","Total","Female","Duitama","Urban agglomeration","Census - de facto - complete tabulation","Final figure, complete","2008","55073",""
"Colombia","2005","Total","Female","Envigado","City proper","Census - de facto - complete tabulation","Final figure, complete","2008","90652",""
"Colombia","2005","Total","Female","Envigado","Urban agglomeration","Census - de facto - complete tabulation","Final figure, complete","2008","94920",""
"Colombia","2005","Total","Female","Facatativá","Urban agglomeration","Census - de facto - complete tabulation","Final figure, complete","2008","53895",""
"Colombia","2005","Total","Female","Florencia","City proper","Census - de facto - complete tabulation","Final figure, complete","2008","62631",""
"Colombia","2005","Total","Female","Florencia","Urban agglomeration","Census - de facto - complete tabulation","Final figure, complete","2008","69308",""
"Colombia","2005","Total","Female","Floridablanca","City proper","Census - de facto - complete tabulation","Final figure, complete","2008","129023",""
"Colombia","2005","Total","Female","Floridablanca","Urban agglomeration","Census - de facto - complete tabulation","Final figure, complete","2008","134311",""
"Colombia","2005","Total","Female","Fusagasugá","Urban agglomeration","Census - de facto - complete tabulation","Final figure, complete","2008","54692",""
"Colombia","2005","Total","Female","Girón","City proper","Census - de facto - complete tabulation","Final figure, complete","2008","61526",""
"Colombia","2005","Total","Female","Girón","Urban agglomeration","Census - de facto - complete tabulation","Final figure, complete","2008","68917",""
"Colombia","2005","Total","Female","Gudalajara de Buga","Urban agglomeration","Census - de facto - complete tabulation","Final figure, complete","2008","57635",""
"Colombia","2005","Total","Female","Ibagué","City proper","Census - de facto - complete tabulation","Final figure, complete","2008","246484",""
"Colombia","2005","Total","Female","Ibagué","Urban agglomeration","Census - de facto - complete tabulation","Final figure, complete","2008","260206",""
"Colombia","2005","Total","Female","Ipiales","Urban agglomeration","Census - de facto - complete tabulation","Final figure, complete","2008","56808",""
"Colombia","2005","Total","Female","Itagüí","City proper","Census - de facto - complete tabulation","Final figure, complete","2008","112498",""
"Colombia","2005","Total","Female","Itagüí","Urban agglomeration","Census - de facto - complete tabulation","Final figure, complete","2008","123863",""
"Colombia","2005","Total","Female","Lorica","Urban agglomeration","Census - de facto - complete tabulation","Final figure, complete","2008","54517",""
"Colombia","2005","Total","Female","Magangué","Urban agglomeration","Census - de facto - complete tabulation","Final figure, complete","2008","59873",""
"Colombia","2005","Total","Female","Maicao","Urban agglomeration","Census - de facto - complete tabulation","Final figure, complete","2008","52450",""
"Colombia","2005","Total","Female","Manizales","City proper","Census - de facto - complete tabulation","Final figure, complete","2008","181276",""
"Colombia","2005","Total","Female","Manizales","Urban agglomeration","Census - de facto - complete tabulation","Final figure, complete","2008","193463",""
"Colombia","2005","Total","Female","Medellín","City proper","Census - de facto - complete tabulation","Final figure, complete","2008","1164217",""
"Colombia","2005","Total","Female","Medellín","Urban agglomeration","Census - de facto - complete tabulation","Final figure, complete","2008","1182402",""
"Colombia","2005","Total","Female","Montería","City proper","Census - de facto - complete tabulation","Final figure, complete","2008","152040",""
"Colombia","2005","Total","Female","Montería","Urban agglomeration","Census - de facto - complete tabulation","Final figure, complete","2008","196113",""
"Colombia","2005","Total","Female","Neiva","City proper","Census - de facto - complete tabulation","Final figure, complete","2008","155396",""
"Colombia","2005","Total","Female","Neiva","Urban agglomeration","Census - de facto - complete tabulation","Final figure, complete","2008","164958",""
"Colombia","2005","Total","Female","Palmira","City proper","Census - de facto - complete tabulation","Final figure, complete","2008","117198",""
"Colombia","2005","Total","Female","Palmira","Urban agglomeration","Census - de facto - complete tabulation","Final figure, complete","2008","144582",""
"Colombia","2005","Total","Female","Pasto","City proper","Census - de facto - complete tabulation","Final figure, complete","2008","166035",""
"Colombia","2005","Total","Female","Pasto","Urban agglomeration","Census - de facto - complete tabulation","Final figure, complete","2008","202412",""
"Colombia","2005","Total","Female","Pereira","City proper","Census - de facto - complete tabulation","Final figure, complete","2008","189654",""
"Colombia","2005","Total","Female","Pereira","Urban agglomeration","Census - de facto - complete tabulation","Final figure, complete","2008","223420",""
"Colombia","2005","Total","Female","Piedecuesta","Urban agglomeration","Census - de facto - complete tabulation","Final figure, complete","2008","60195",""
"Colombia","2005","Total","Female","Pitalito","Urban agglomeration","Census - de facto - complete tabulation","Final figure, complete","2008","51995",""
"Colombia","2005","Total","Female","Popayán","City proper","Census - de facto - complete tabulation","Final figure, complete","2008","121005",""
"Colombia","2005","Total","Female","Popayán","Urban agglomeration","Census - de facto - complete tabulation","Final figure, complete","2008","136045",""
"Colombia","2005","Total","Female","Quibdo","City proper","Census - de facto - complete tabulation","Final figure, complete","2008","54309",""
"Colombia","2005","Total","Female","Quibdo","Urban agglomeration","Census - de facto - complete tabulation","Final figure, complete","2008","58601",""
"Colombia","2005","Total","Female","Riohacha","City proper","Census - de facto - complete tabulation","Final figure, complete","2008","70780",""
"Colombia","2005","Total","Female","Riohacha","Urban agglomeration","Census - de facto - complete tabulation","Final figure, complete","2008","86660",""
"Colombia","2005","Total","Female","Rionegro (Antioquia)","Urban agglomeration","Census - de facto - complete tabulation","Final figure, complete","2009","50911",""
"Colombia","2005","Total","Female","San Andrés de Tumaco","Urban agglomeration","Census - de facto - complete tabulation","Final figure, complete","2008","80675",""
"Colombia","2005","Total","Female","BOGOTÁ, D.C.","City proper","Census - de facto - complete tabulation","Final figure, complete","2008","3530902",""
"Colombia","2005","Total","Female","BOGOTÁ, D.C.","Urban agglomeration","Census - de facto - complete tabulation","Final figure, complete","2008","3538222",""
"Colombia","2005","Total","Female","Santa Marta","City proper","Census - de facto - complete tabulation","Final figure, complete","2008","200173",""
"Colombia","2005","Total","Female","Santa Marta","Urban agglomeration","Census - de facto - complete tabulation","Final figure, complete","2008","214626",""
"Colombia","2005","Total","Female","Sincelejo","City proper","Census - de facto - complete tabulation","Final figure, complete","2008","113347",""
"Colombia","2005","Total","Female","Sincelejo","Urban agglomeration","Census - de facto - complete tabulation","Final figure, complete","2008","122135",""
"Colombia","2005","Total","Female","Soacha","City proper","Census - de facto - complete tabulation","Final figure, complete","2008","201601",""
"Colombia","2005","Total","Female","Soacha","Urban agglomeration","Census - de facto - complete tabulation","Final figure, complete","2008","204125",""
"Colombia","2005","Total","Female","Sogamoso","Urban agglomeration","Census - de facto - complete tabulation","Final figure, complete","2008","59971",""
"Colombia","2005","Total","Female","Soledad","City proper","Census - de facto - complete tabulation","Final figure, complete","2008","233458",""
"Colombia","2005","Total","Female","Soledad","Urban agglomeration","Census - de facto - complete tabulation","Final figure, complete","2008","233822",""
"Colombia","2005","Total","Female","Tuluá","City proper","Census - de facto - complete tabulation","Final figure, complete","2008","83292",""
"Colombia","2005","Total","Female","Tuluá","Urban agglomeration","Census - de facto - complete tabulation","Final figure, complete","2008","83292",""
"Colombia","2005","Total","Female","Tunja","City proper","Census - de facto - complete tabulation","Final figure, complete","2008","77106",""
"Colombia","2005","Total","Female","Tunja","Urban agglomeration","Census - de facto - complete tabulation","Final figure, complete","2008","80646",""
"Colombia","2005","Total","Female","Turbo","Urban agglomeration","Census - de facto - complete tabulation","Final figure, complete","2008","60995",""
"Colombia","2005","Total","Female","Uribia","Urban agglomeration","Census - de facto - complete tabulation","Final figure, complete","2008","59287",""
"Colombia","2005","Total","Female","Valledupar","City proper","Census - de facto - complete tabulation","Final figure, complete","2008","155333",""
"Colombia","2005","Total","Female","Valledupar","Urban agglomeration","Census - de facto - complete tabulation","Final figure, complete","2008","180467",""
"Colombia","2005","Total","Female","Villavicencio","City proper","Census - de facto - complete tabulation","Final figure, complete","2008","185933",""
"Colombia","2005","Total","Female","Villavicencio","Urban agglomeration","Census - de facto - complete tabulation","Final figure, complete","2008","196808",""
"Colombia","2005","Total","Female","Yopal","Urban agglomeration","Census - de facto - complete tabulation","Final figure, complete","2008","51625",""
"Colombia","2005","Total","Female","Zipaquirá","Urban agglomeration","Census - de facto - complete tabulation","Final figure, complete","2008","51412",""

